Fecha;Fondo;N;Peso;Var_Por;
4/9/2023;BOLSAESPANA;1;98;-0.864446303
5/9/2023;BOLSAESPANA;1;98;-0.279128313
6/9/2023;BOLSAESPANA;1;98;0.444198149
7/9/2023;BOLSAESPANA;1;98;-0.004241041
8/9/2023;BOLSAESPANA;1;98;-0.004241221
2/10/2023;BOLSAESPANA;1;98;-0.688917701
3/10/2023;BOLSAESPANA;1;98;0.540857477
4/10/2023;BOLSAESPANA;1;98;0.912796429
5/10/2023;BOLSAESPANA;1;98;-0.004301994
6/10/2023;BOLSAESPANA;1;98;-0.004302179
1/11/2023;BOLSAESPANA;1;98;0.309973113
2/11/2023;BOLSAESPANA;1;98;-0.004285331
3/11/2023;BOLSAESPANA;1;98;-0.004285514
6/11/2023;BOLSAESPANA;1;98;0.664156619
7/11/2023;BOLSAESPANA;1;98;1.149512941
8/11/2023;BOLSAESPANA;1;98;-0.465619216
1/12/2023;BOLSAESPANA;1;98;-0.00439622
4/12/2023;BOLSAESPANA;1;98;0.200901341
5/12/2023;BOLSAESPANA;1;98;-0.962715391
6/12/2023;BOLSAESPANA;1;98;0.684658211
7/12/2023;BOLSAESPANA;1;98;-0.004429286
8/12/2023;BOLSAESPANA;1;98;-0.004425586
1/1/2024;BOLSAESPANA;1;98;-1.179818818
2/1/2024;BOLSAESPANA;1;98;1.264650245
3/1/2024;BOLSAESPANA;1;98;-0.23959729
4/1/2024;BOLSAESPANA;1;98;-0.004392668
5/1/2024;BOLSAESPANA;1;98;-0.00438897
8/1/2024;BOLSAESPANA;1;98;0.190084047
9/1/2024;BOLSAESPANA;1;98;-0.784290042
1/2/2024;BOLSAESPANA;1;98;-0.004433039
2/2/2024;BOLSAESPANA;1;98;-0.004429302
5/2/2024;BOLSAESPANA;1;98;-0.954038517
6/2/2024;BOLSAESPANA;1;98;0.186368315
7/2/2024;BOLSAESPANA;1;98;-0.124400404
8/2/2024;BOLSAESPANA;1;98;-0.004450958
9/2/2024;BOLSAESPANA;1;98;-0.004451156
1/3/2024;BOLSAESPANA;1;98;-0.004480685
4/3/2024;BOLSAESPANA;1;98;0.600953614
5/3/2024;BOLSAESPANA;1;98;1.366807191
6/3/2024;BOLSAESPANA;1;98;-0.150539795
7/3/2024;BOLSAESPANA;1;98;-0.004493392
8/3/2024;BOLSAESPANA;1;98;-0.004489754
1/4/2024;BOLSAESPANA;1;98;0.354087725
2/4/2024;BOLSAESPANA;1;98;0.685472886
3/4/2024;BOLSAESPANA;1;98;-1.255167447
4/4/2024;BOLSAESPANA;1;98;-0.004320006
5/4/2024;BOLSAESPANA;1;98;-0.004316581
8/4/2024;BOLSAESPANA;1;98;-0.169400012
9/4/2024;BOLSAESPANA;1;98;-0.940689771
1/5/2024;BOLSAESPANA;1;98;0.024865182
2/5/2024;BOLSAESPANA;1;98;-0.004209409
3/5/2024;BOLSAESPANA;1;98;-0.0042132
6/5/2024;BOLSAESPANA;1;98;0.563940631
7/5/2024;BOLSAESPANA;1;98;-0.770546467
8/5/2024;BOLSAESPANA;1;98;0.426355971
9/5/2024;BOLSAESPANA;1;98;-0.004209853
3/6/2024;BOLSAESPANA;1;98;0.330853908
4/6/2024;BOLSAESPANA;1;98;0.807852616
5/6/2024;BOLSAESPANA;1;98;-0.293638072
6/6/2024;BOLSAESPANA;1;98;-0.004278483
7/6/2024;BOLSAESPANA;1;98;-0.004278666
1/7/2024;BOLSAESPANA;1;98;0.989400941
2/7/2024;BOLSAESPANA;1;98;0.777172163
3/7/2024;BOLSAESPANA;1;98;-0.278829163
4/7/2024;BOLSAESPANA;1;98;-0.004337011
5/7/2024;BOLSAESPANA;1;98;-0.004333681
8/7/2024;BOLSAESPANA;1;98;1.305305792
9/7/2024;BOLSAESPANA;1;98;0.803423271
1/8/2024;BOLSAESPANA;1;98;-0.004233471
2/8/2024;BOLSAESPANA;1;98;-0.00423365
5/8/2024;BOLSAESPANA;1;98;1.765270817
6/8/2024;BOLSAESPANA;1;98;-0.489028833
7/8/2024;BOLSAESPANA;1;98;0.554596577
8/8/2024;BOLSAESPANA;1;98;-0.004196995
9/8/2024;BOLSAESPANA;1;98;-0.004193518
2/9/2024;BOLSAESPANA;1;98;-0.739207309
5/9/2023;BOLSAEUROPA;1;98;-0.282584931
6/9/2023;BOLSAEUROPA;1;98;-0.614248945
7/9/2023;BOLSAEUROPA;1;98;0.000254742
8/9/2023;BOLSAEUROPA;1;98;0.224735853
2/10/2023;BOLSAEUROPA;1;98;-1.096369932
3/10/2023;BOLSAEUROPA;1;98;-1.229797529
4/10/2023;BOLSAEUROPA;1;98;-0.20532904
5/10/2023;BOLSAEUROPA;1;98;0.324687915
6/10/2023;BOLSAEUROPA;1;98;0.387810353
1/11/2023;BOLSAEUROPA;1;98;0.177955864
2/11/2023;BOLSAEUROPA;1;98;1.568373615
3/11/2023;BOLSAEUROPA;1;98;-0.016317218
6/11/2023;BOLSAEUROPA;1;98;-0.100287205
7/11/2023;BOLSAEUROPA;1;98;-0.454176669
8/11/2023;BOLSAEUROPA;1;98;0.082619392
1/12/2023;BOLSAEUROPA;1;98;0.916262108
4/12/2023;BOLSAEUROPA;1;98;0.114334955
5/12/2023;BOLSAEUROPA;1;98;0.255921572
6/12/2023;BOLSAEUROPA;1;98;0.263392469
7/12/2023;BOLSAEUROPA;1;98;-0.34152273
8/12/2023;BOLSAEUROPA;1;98;0.794438341
1/1/2024;BOLSAEUROPA;1;98;-0.003708931
2/1/2024;BOLSAEUROPA;1;98;0.011623489
3/1/2024;BOLSAEUROPA;1;98;-0.493079017
4/1/2024;BOLSAEUROPA;1;98;0.644156724
5/1/2024;BOLSAEUROPA;1;98;-0.179538083
8/1/2024;BOLSAEUROPA;1;98;0.199091079
9/1/2024;BOLSAEUROPA;1;98;-0.1156971
1/2/2024;BOLSAEUROPA;1;98;-0.409643298
2/2/2024;BOLSAEUROPA;1;98;-0.225257021
5/2/2024;BOLSAEUROPA;1;98;0.108737994
6/2/2024;BOLSAEUROPA;1;98;0.629157803
7/2/2024;BOLSAEUROPA;1;98;-0.44643686
8/2/2024;BOLSAEUROPA;1;98;0.189505481
9/2/2024;BOLSAEUROPA;1;98;-0.094586356
1/3/2024;BOLSAEUROPA;1;98;0.529010836
4/3/2024;BOLSAEUROPA;1;98;-0.000652555
5/3/2024;BOLSAEUROPA;1;98;-0.289339553
6/3/2024;BOLSAEUROPA;1;98;0.355098289
7/3/2024;BOLSAEUROPA;1;98;1.001106843
8/3/2024;BOLSAEUROPA;1;98;-0.045488297
1/4/2024;BOLSAEUROPA;1;98;-0.031410854
2/4/2024;BOLSAEUROPA;1;98;-0.781438774
3/4/2024;BOLSAEUROPA;1;98;0.142588836
4/4/2024;BOLSAEUROPA;1;98;0.223502651
5/4/2024;BOLSAEUROPA;1;98;-0.874940077
8/4/2024;BOLSAEUROPA;1;98;0.438009598
9/4/2024;BOLSAEUROPA;1;98;-0.346658033
1/5/2024;BOLSAEUROPA;1;98;-0.170751618
2/5/2024;BOLSAEUROPA;1;98;0.042619649
3/5/2024;BOLSAEUROPA;1;98;0.273997638
6/5/2024;BOLSAEUROPA;1;98;0.432367336
7/5/2024;BOLSAEUROPA;1;98;1.067826316
8/5/2024;BOLSAEUROPA;1;98;0.357200954
9/5/2024;BOLSAEUROPA;1;98;0.392575705
3/6/2024;BOLSAEUROPA;1;98;0.381022912
4/6/2024;BOLSAEUROPA;1;98;-0.362947775
5/6/2024;BOLSAEUROPA;1;98;0.718672827
6/6/2024;BOLSAEUROPA;1;98;0.636750609
7/6/2024;BOLSAEUROPA;1;98;-0.241071896
1/7/2024;BOLSAEUROPA;1;98;0.470181382
2/7/2024;BOLSAEUROPA;1;98;-0.343103426
3/7/2024;BOLSAEUROPA;1;98;0.722782594
4/7/2024;BOLSAEUROPA;1;98;0.48056299
5/7/2024;BOLSAEUROPA;1;98;-0.058784286
8/7/2024;BOLSAEUROPA;1;98;-0.310197231
9/7/2024;BOLSAEUROPA;1;98;-0.851183601
1/8/2024;BOLSAEUROPA;1;98;-1.028993695
2/8/2024;BOLSAEUROPA;1;98;-1.829418411
5/8/2024;BOLSAEUROPA;1;98;-1.955526713
6/8/2024;BOLSAEUROPA;1;98;0.143836381
7/8/2024;BOLSAEUROPA;1;98;1.427167674
8/8/2024;BOLSAEUROPA;1;98;0.01182832
9/8/2024;BOLSAEUROPA;1;98;0.422739209
2/9/2024;BOLSAEUROPA;1;98;-0.008169461
3/9/2024;BOLSAEUROPA;1;98;-0.739207309
5/9/2023;BOLSAINTERNACIONAL;1;98;0.192883084
6/9/2023;BOLSAINTERNACIONAL;1;98;-0.776541243
7/9/2023;BOLSAINTERNACIONAL;1;98;-0.055616081
8/9/2023;BOLSAINTERNACIONAL;1;98;0.227827052
2/10/2023;BOLSAINTERNACIONAL;1;98;0.719102052
3/10/2023;BOLSAINTERNACIONAL;1;98;-1.138851116
4/10/2023;BOLSAINTERNACIONAL;1;98;0.29404589
5/10/2023;BOLSAINTERNACIONAL;1;98;-0.170125125
6/10/2023;BOLSAINTERNACIONAL;1;98;0.910625141
1/11/2023;BOLSAINTERNACIONAL;1;98;0.888052406
2/11/2023;BOLSAINTERNACIONAL;1;98;1.153037501
3/11/2023;BOLSAINTERNACIONAL;1;98;-0.215817305
6/11/2023;BOLSAINTERNACIONAL;1;98;0.436092753
7/11/2023;BOLSAINTERNACIONAL;1;98;0.373922392
8/11/2023;BOLSAINTERNACIONAL;1;98;0.123899354
1/12/2023;BOLSAINTERNACIONAL;1;98;0.49865794
4/12/2023;BOLSAINTERNACIONAL;1;98;-0.141481122
5/12/2023;BOLSAINTERNACIONAL;1;98;0.463773248
6/12/2023;BOLSAINTERNACIONAL;1;98;0.12405
7/12/2023;BOLSAINTERNACIONAL;1;98;0.393084693
8/12/2023;BOLSAINTERNACIONAL;1;98;0.696559399
1/1/2024;BOLSAINTERNACIONAL;1;98;-0.004848116
2/1/2024;BOLSAINTERNACIONAL;1;98;0.142368725
3/1/2024;BOLSAINTERNACIONAL;1;98;-0.363823982
4/1/2024;BOLSAINTERNACIONAL;1;98;-0.299851383
5/1/2024;BOLSAINTERNACIONAL;1;98;-0.013454663
8/1/2024;BOLSAINTERNACIONAL;1;98;0.792726103
9/1/2024;BOLSAINTERNACIONAL;1;98;0.083166675
1/2/2024;BOLSAINTERNACIONAL;1;98;0.143667402
2/2/2024;BOLSAINTERNACIONAL;1;98;1.277595524
5/2/2024;BOLSAINTERNACIONAL;1;98;0.179050425
6/2/2024;BOLSAINTERNACIONAL;1;98;0.308434327
7/2/2024;BOLSAINTERNACIONAL;1;98;0.318700113
8/2/2024;BOLSAINTERNACIONAL;1;98;-0.05066271
9/2/2024;BOLSAINTERNACIONAL;1;98;0.079733245
1/3/2024;BOLSAINTERNACIONAL;1;98;0.562031719
4/3/2024;BOLSAINTERNACIONAL;1;98;-0.219684863
5/3/2024;BOLSAINTERNACIONAL;1;98;-0.750658333
6/3/2024;BOLSAINTERNACIONAL;1;98;0.165702478
7/3/2024;BOLSAINTERNACIONAL;1;98;0.587826772
8/3/2024;BOLSAINTERNACIONAL;1;98;-0.176028787
1/4/2024;BOLSAINTERNACIONAL;1;98;0.057776255
2/4/2024;BOLSAINTERNACIONAL;1;98;-0.488386206
3/4/2024;BOLSAINTERNACIONAL;1;98;-0.476358875
4/4/2024;BOLSAINTERNACIONAL;1;98;-0.664788743
5/4/2024;BOLSAINTERNACIONAL;1;98;0.315371365
8/4/2024;BOLSAINTERNACIONAL;1;98;-0.050901672
9/4/2024;BOLSAINTERNACIONAL;1;98;0.10530811
1/5/2024;BOLSAINTERNACIONAL;1;98;-0.359610727
2/5/2024;BOLSAINTERNACIONAL;1;98;0.603553285
3/5/2024;BOLSAINTERNACIONAL;1;98;0.674377536
6/5/2024;BOLSAINTERNACIONAL;1;98;0.743863867
7/5/2024;BOLSAINTERNACIONAL;1;98;0.302938911
8/5/2024;BOLSAINTERNACIONAL;1;98;0.12236335
9/5/2024;BOLSAINTERNACIONAL;1;98;0.131218602
3/6/2024;BOLSAINTERNACIONAL;1;98;0.107322523
4/6/2024;BOLSAINTERNACIONAL;1;98;0.038941587
5/6/2024;BOLSAINTERNACIONAL;1;98;0.999675215
6/6/2024;BOLSAINTERNACIONAL;1;98;0.195949699
7/6/2024;BOLSAINTERNACIONAL;1;98;0.403887687
1/7/2024;BOLSAINTERNACIONAL;1;98;0.355652887
2/7/2024;BOLSAINTERNACIONAL;1;98;0.168139493
3/7/2024;BOLSAINTERNACIONAL;1;98;0.247208782
4/7/2024;BOLSAINTERNACIONAL;1;98;0.049810975
5/7/2024;BOLSAINTERNACIONAL;1;98;0.191972215
8/7/2024;BOLSAINTERNACIONAL;1;98;-0.06430628
9/7/2024;BOLSAINTERNACIONAL;1;98;-0.035719403
1/8/2024;BOLSAINTERNACIONAL;1;98;-1.049877395
2/8/2024;BOLSAINTERNACIONAL;1;98;-2.640620131
5/8/2024;BOLSAINTERNACIONAL;1;98;-3.129494219
6/8/2024;BOLSAINTERNACIONAL;1;98;1.040129848
7/8/2024;BOLSAINTERNACIONAL;1;98;0.380350626
8/8/2024;BOLSAINTERNACIONAL;1;98;1.279564588
9/8/2024;BOLSAINTERNACIONAL;1;98;0.452206866
2/9/2024;BOLSAINTERNACIONAL;1;98;-0.136981013
3/9/2024;BOLSAINTERNACIONAL;1;98;-1.149967499
5/9/2023;BOLSAUSA;1;98;0.354788999
6/9/2023;BOLSAUSA;1;98;-0.738961048
7/9/2023;BOLSAUSA;1;98;-0.149854377
8/9/2023;BOLSAUSA;1;98;0.198655893
2/10/2023;BOLSAUSA;1;98;1.032225031
3/10/2023;BOLSAUSA;1;98;-1.241693877
4/10/2023;BOLSAUSA;1;98;0.312584379
5/10/2023;BOLSAUSA;1;98;-0.562510897
6/10/2023;BOLSAUSA;1;98;0.80848224
1/11/2023;BOLSAUSA;1;98;1.121404544
2/11/2023;BOLSAUSA;1;98;1.318125222
3/11/2023;BOLSAUSA;1;98;-0.063917535
6/11/2023;BOLSAUSA;1;98;0.385780187
7/11/2023;BOLSAUSA;1;98;0.518090197
8/11/2023;BOLSAUSA;1;98;0.099298774
1/12/2023;BOLSAUSA;1;98;0.289009525
4/12/2023;BOLSAUSA;1;98;-0.203416634
5/12/2023;BOLSAUSA;1;98;0.562464489
6/12/2023;BOLSAUSA;1;98;-0.103639488
7/12/2023;BOLSAUSA;1;98;0.614301106
8/12/2023;BOLSAUSA;1;98;0.649151767
1/1/2024;BOLSAUSA;1;98;-0.00541098
2/1/2024;BOLSAUSA;1;98;0.370030219
3/1/2024;BOLSAUSA;1;98;-0.405602564
4/1/2024;BOLSAUSA;1;98;-0.58731225
5/1/2024;BOLSAUSA;1;98;0.212909159
8/1/2024;BOLSAUSA;1;98;1.427515594
9/1/2024;BOLSAUSA;1;98;0.154460165
1/2/2024;BOLSAUSA;1;98;0.668931644
2/2/2024;BOLSAUSA;1;98;2.035439884
5/2/2024;BOLSAUSA;1;98;0.298209524
6/2/2024;BOLSAUSA;1;98;0.133471545
7/2/2024;BOLSAUSA;1;98;0.693068866
8/2/2024;BOLSAUSA;1;98;-0.090583539
9/2/2024;BOLSAUSA;1;98;0.588694642
1/3/2024;BOLSAUSA;1;98;0.448603588
4/3/2024;BOLSAUSA;1;98;-0.482538288
5/3/2024;BOLSAUSA;1;98;-1.077530911
6/3/2024;BOLSAUSA;1;98;0.045803357
7/3/2024;BOLSAUSA;1;98;0.530996199
8/3/2024;BOLSAUSA;1;98;-0.494844642
1/4/2024;BOLSAUSA;1;98;0.23541809
2/4/2024;BOLSAUSA;1;98;-0.936566016
3/4/2024;BOLSAUSA;1;98;-0.534795703
4/4/2024;BOLSAUSA;1;98;-1.284871502
5/4/2024;BOLSAUSA;1;98;1.051847923
8/4/2024;BOLSAUSA;1;98;-0.188885225
9/4/2024;BOLSAUSA;1;98;0.17113847
1/5/2024;BOLSAUSA;1;98;-0.784104012
2/5/2024;BOLSAUSA;1;98;0.829196193
3/5/2024;BOLSAUSA;1;98;0.9155997
6/5/2024;BOLSAUSA;1;98;0.889616234
7/5/2024;BOLSAUSA;1;98;0.309876839
8/5/2024;BOLSAUSA;1;98;0.06492128
9/5/2024;BOLSAUSA;1;98;0.210332703
3/6/2024;BOLSAUSA;1;98;-0.286767824
4/6/2024;BOLSAUSA;1;98;0.442424106
5/6/2024;BOLSAUSA;1;98;1.150063294
6/6/2024;BOLSAUSA;1;98;-0.05164855
7/6/2024;BOLSAUSA;1;98;0.726185572
1/7/2024;BOLSAUSA;1;98;0.111718979
2/7/2024;BOLSAUSA;1;98;0.536064178
3/7/2024;BOLSAUSA;1;98;0.098912371
4/7/2024;BOLSAUSA;1;98;-0.238257763
5/7/2024;BOLSAUSA;1;98;0.465668004
8/7/2024;BOLSAUSA;1;98;0.111231098
9/7/2024;BOLSAUSA;1;98;0.201801478
1/8/2024;BOLSAUSA;1;98;-0.942758178
2/8/2024;BOLSAUSA;1;98;-2.892823436
5/8/2024;BOLSAUSA;1;98;-3.361492101
6/8/2024;BOLSAUSA;1;98;1.127769945
7/8/2024;BOLSAUSA;1;98;-0.594777226
8/8/2024;BOLSAUSA;1;98;2.330252471
9/8/2024;BOLSAUSA;1;98;0.51130159
2/9/2024;BOLSAUSA;1;98;-0.213912912
3/9/2024;BOLSAUSA;1;98;-1.77289006
5/9/2023;DIVIDENDO;1;98;-0.186582701
6/9/2023;DIVIDENDO;1;98;-0.343209165
7/9/2023;DIVIDENDO;1;98;0.40531769
8/9/2023;DIVIDENDO;1;98;0.211312334
2/10/2023;DIVIDENDO;1;98;-0.511361554
3/10/2023;DIVIDENDO;1;98;-1.083588498
4/10/2023;DIVIDENDO;1;98;-0.197740749
5/10/2023;DIVIDENDO;1;98;0.097188627
6/10/2023;DIVIDENDO;1;98;0.376166532
1/11/2023;DIVIDENDO;1;98;0.935773417
2/11/2023;DIVIDENDO;1;98;0.841108105
3/11/2023;DIVIDENDO;1;98;-0.366727971
6/11/2023;DIVIDENDO;1;98;-0.119675414
7/11/2023;DIVIDENDO;1;98;-0.27102376
8/11/2023;DIVIDENDO;1;98;0.092543681
1/12/2023;DIVIDENDO;1;98;0.942629557
4/12/2023;DIVIDENDO;1;98;0.158898167
5/12/2023;DIVIDENDO;1;98;0.414434228
6/12/2023;DIVIDENDO;1;98;0.147050147
7/12/2023;DIVIDENDO;1;98;0.071521022
8/12/2023;DIVIDENDO;1;98;0.47278183
1/1/2024;DIVIDENDO;1;98;-0.00591481
2/1/2024;DIVIDENDO;1;98;0.993288362
3/1/2024;DIVIDENDO;1;98;-0.078709435
4/1/2024;DIVIDENDO;1;98;0.568430815
5/1/2024;DIVIDENDO;1;98;0.088958473
8/1/2024;DIVIDENDO;1;98;0.176954167
9/1/2024;DIVIDENDO;1;98;-0.058224797
1/2/2024;DIVIDENDO;1;98;-0.635115715
2/2/2024;DIVIDENDO;1;98;-0.062967603
5/2/2024;DIVIDENDO;1;98;-0.221124787
6/2/2024;DIVIDENDO;1;98;0.172346407
7/2/2024;DIVIDENDO;1;98;-0.334129666
8/2/2024;DIVIDENDO;1;98;-0.395852353
9/2/2024;DIVIDENDO;1;98;-0.22992736
1/3/2024;DIVIDENDO;1;98;0.301207857
4/3/2024;DIVIDENDO;1;98;-0.027483229
5/3/2024;DIVIDENDO;1;98;-0.097504687
6/3/2024;DIVIDENDO;1;98;0.215962404
7/3/2024;DIVIDENDO;1;98;0.387073679
8/3/2024;DIVIDENDO;1;98;-0.256458733
1/4/2024;DIVIDENDO;1;98;-0.061572047
2/4/2024;DIVIDENDO;1;98;-0.377817712
3/4/2024;DIVIDENDO;1;98;-0.162126906
4/4/2024;DIVIDENDO;1;98;-0.482101149
5/4/2024;DIVIDENDO;1;98;-0.627588588
8/4/2024;DIVIDENDO;1;98;0.124624035
9/4/2024;DIVIDENDO;1;98;-0.090176897
1/5/2024;DIVIDENDO;1;98;-0.327241958
2/5/2024;DIVIDENDO;1;98;-0.040732192
3/5/2024;DIVIDENDO;1;98;0.276977409
6/5/2024;DIVIDENDO;1;98;0.606264525
7/5/2024;DIVIDENDO;1;98;0.779584805
8/5/2024;DIVIDENDO;1;98;0.330695495
9/5/2024;DIVIDENDO;1;98;0.3654315
3/6/2024;DIVIDENDO;1;98;0.081713748
4/6/2024;DIVIDENDO;1;98;-0.173876566
5/6/2024;DIVIDENDO;1;98;0.305309089
6/6/2024;DIVIDENDO;1;98;0.111282493
7/6/2024;DIVIDENDO;1;98;-0.009259717
1/7/2024;DIVIDENDO;1;98;0.505625989
2/7/2024;DIVIDENDO;1;98;-0.247427966
3/7/2024;DIVIDENDO;1;98;0.401821146
4/7/2024;DIVIDENDO;1;98;0.332242695
5/7/2024;DIVIDENDO;1;98;-0.334082885
8/7/2024;DIVIDENDO;1;98;-0.015591328
9/7/2024;DIVIDENDO;1;98;-0.517672485
1/8/2024;DIVIDENDO;1;98;-1.214720986
2/8/2024;DIVIDENDO;1;98;-1.378809908
5/8/2024;DIVIDENDO;1;98;-2.436569373
6/8/2024;DIVIDENDO;1;98;0.391213902
7/8/2024;DIVIDENDO;1;98;0.903018086
8/8/2024;DIVIDENDO;1;98;0.6424099
9/8/2024;DIVIDENDO;1;98;0.208295572
2/9/2024;DIVIDENDO;1;98;0.023282261
3/9/2024;DIVIDENDO;1;98;-0.546637378
5/9/2023;FINANCIERO;1;98;-0.132023779
6/9/2023;FINANCIERO;1;98;-0.671380179
7/9/2023;FINANCIERO;1;98;-0.380071654
8/9/2023;FINANCIERO;1;98;0.140607232
2/10/2023;FINANCIERO;1;98;-0.645650126
3/10/2023;FINANCIERO;1;98;-1.243801962
4/10/2023;FINANCIERO;1;98;0.020112439
5/10/2023;FINANCIERO;1;98;0.272560379
6/10/2023;FINANCIERO;1;98;1.084703736
1/11/2023;FINANCIERO;1;98;0.676067276
2/11/2023;FINANCIERO;1;98;1.170011804
3/11/2023;FINANCIERO;1;98;0.736573997
6/11/2023;FINANCIERO;1;98;-0.130729044
7/11/2023;FINANCIERO;1;98;-0.214683466
8/11/2023;FINANCIERO;1;98;0.15351718
1/12/2023;FINANCIERO;1;98;0.803615805
4/12/2023;FINANCIERO;1;98;0.239803421
5/12/2023;FINANCIERO;1;98;0.355016643
6/12/2023;FINANCIERO;1;98;0.376526194
7/12/2023;FINANCIERO;1;98;0.033658181
8/12/2023;FINANCIERO;1;98;0.678508752
1/1/2024;FINANCIERO;1;98;-0.005493302
2/1/2024;FINANCIERO;1;98;0.541956987
3/1/2024;FINANCIERO;1;98;-0.841149811
4/1/2024;FINANCIERO;1;98;0.717243089
5/1/2024;FINANCIERO;1;98;0.259466354
8/1/2024;FINANCIERO;1;98;0.320542625
9/1/2024;FINANCIERO;1;98;-0.536095193
1/2/2024;FINANCIERO;1;98;-1.183508879
2/2/2024;FINANCIERO;1;98;0.55624732
5/2/2024;FINANCIERO;1;98;-0.354197262
6/2/2024;FINANCIERO;1;98;0.320485732
7/2/2024;FINANCIERO;1;98;-0.292702761
8/2/2024;FINANCIERO;1;98;-0.609632335
9/2/2024;FINANCIERO;1;98;-0.161287867
1/3/2024;FINANCIERO;1;98;-0.299260529
4/3/2024;FINANCIERO;1;98;0.183219803
5/3/2024;FINANCIERO;1;98;0.217083416
6/3/2024;FINANCIERO;1;98;0.15884816
7/3/2024;FINANCIERO;1;98;0.159794465
8/3/2024;FINANCIERO;1;98;0.396320749
1/4/2024;FINANCIERO;1;98;-0.043881091
2/4/2024;FINANCIERO;1;98;-0.454869596
3/4/2024;FINANCIERO;1;98;-0.165216612
4/4/2024;FINANCIERO;1;98;-0.488703953
5/4/2024;FINANCIERO;1;98;0.014434645
8/4/2024;FINANCIERO;1;98;0.369133637
9/4/2024;FINANCIERO;1;98;-0.671379179
1/5/2024;FINANCIERO;1;98;-0.344052547
2/5/2024;FINANCIERO;1;98;0.514907331
3/5/2024;FINANCIERO;1;98;-0.083550134
6/5/2024;FINANCIERO;1;98;1.083528172
7/5/2024;FINANCIERO;1;98;1.100748034
8/5/2024;FINANCIERO;1;98;0.440275851
9/5/2024;FINANCIERO;1;98;0.462857638
3/6/2024;FINANCIERO;1;98;-0.245975115
4/6/2024;FINANCIERO;1;98;-0.70556925
5/6/2024;FINANCIERO;1;98;0.218167356
6/6/2024;FINANCIERO;1;98;0.278231729
7/6/2024;FINANCIERO;1;98;0.406411907
1/7/2024;FINANCIERO;1;98;0.925859789
2/7/2024;FINANCIERO;1;98;0.06601212
3/7/2024;FINANCIERO;1;98;0.294732597
4/7/2024;FINANCIERO;1;98;0.332672298
5/7/2024;FINANCIERO;1;98;-0.615717692
8/7/2024;FINANCIERO;1;98;0.238573962
9/7/2024;FINANCIERO;1;98;0.094517879
1/8/2024;FINANCIERO;1;98;-1.670187656
2/8/2024;FINANCIERO;1;98;-3.558727368
5/8/2024;FINANCIERO;1;98;-2.685711835
6/8/2024;FINANCIERO;1;98;0.588133533
7/8/2024;FINANCIERO;1;98;1.160691302
8/8/2024;FINANCIERO;1;98;0.90816438
9/8/2024;FINANCIERO;1;98;0.531301005
2/9/2024;FINANCIERO;1;98;-0.04544148
3/9/2024;FINANCIERO;1;98;-0.84260676
5/9/2023;GLOBAL;1;98;-0.040663624
6/9/2023;GLOBAL;1;98;-0.809729021
7/9/2023;GLOBAL;1;98;-0.229083863
8/9/2023;GLOBAL;1;98;0.055419559
2/10/2023;GLOBAL;1;98;0.810302763
3/10/2023;GLOBAL;1;98;-1.143774579
4/10/2023;GLOBAL;1;98;0.519335281
5/10/2023;GLOBAL;1;98;-0.501282316
6/10/2023;GLOBAL;1;98;0.792727589
1/11/2023;GLOBAL;1;98;0.500670939
2/11/2023;GLOBAL;1;98;1.67424618
3/11/2023;GLOBAL;1;98;-0.088489311
6/11/2023;GLOBAL;1;98;0.443552178
7/11/2023;GLOBAL;1;98;0.4584601
8/11/2023;GLOBAL;1;98;0.29936321
1/12/2023;GLOBAL;1;98;0.498667466
4/12/2023;GLOBAL;1;98;0.094112755
5/12/2023;GLOBAL;1;98;0.159105803
6/12/2023;GLOBAL;1;98;0.207417225
7/12/2023;GLOBAL;1;98;0.191859213
8/12/2023;GLOBAL;1;98;0.613721206
1/1/2024;GLOBAL;1;98;-0.005586343
2/1/2024;GLOBAL;1;98;0.064101275
3/1/2024;GLOBAL;1;98;-0.672894625
4/1/2024;GLOBAL;1;98;-0.378308953
5/1/2024;GLOBAL;1;98;-0.275871859
8/1/2024;GLOBAL;1;98;1.177486054
9/1/2024;GLOBAL;1;98;0.09711052
1/2/2024;GLOBAL;1;98;0.757318418
2/2/2024;GLOBAL;1;98;1.227593224
5/2/2024;GLOBAL;1;98;0.667885903
6/2/2024;GLOBAL;1;98;0.441232025
7/2/2024;GLOBAL;1;98;0.192379239
8/2/2024;GLOBAL;1;98;-0.086269215
9/2/2024;GLOBAL;1;98;0.089321072
1/3/2024;GLOBAL;1;98;0.428158166
4/3/2024;GLOBAL;1;98;-0.228580545
5/3/2024;GLOBAL;1;98;-0.952346959
6/3/2024;GLOBAL;1;98;0.173889098
7/3/2024;GLOBAL;1;98;0.586044109
8/3/2024;GLOBAL;1;98;-0.230841943
1/4/2024;GLOBAL;1;98;0.123072547
2/4/2024;GLOBAL;1;98;-0.617158775
3/4/2024;GLOBAL;1;98;-0.692863153
4/4/2024;GLOBAL;1;98;-0.833029222
5/4/2024;GLOBAL;1;98;0.278761685
8/4/2024;GLOBAL;1;98;-0.166583755
9/4/2024;GLOBAL;1;98;-5.15E-05
1/5/2024;GLOBAL;1;98;-0.619149393
2/5/2024;GLOBAL;1;98;0.509790084
3/5/2024;GLOBAL;1;98;0.582611186
6/5/2024;GLOBAL;1;98;0.479721001
7/5/2024;GLOBAL;1;98;0.212056897
8/5/2024;GLOBAL;1;98;-0.02748013
9/5/2024;GLOBAL;1;98;0.182107173
3/6/2024;GLOBAL;1;98;0.37670034
4/6/2024;GLOBAL;1;98;0.508093803
5/6/2024;GLOBAL;1;98;1.09499823
6/6/2024;GLOBAL;1;98;0.30071949
7/6/2024;GLOBAL;1;98;0.379139524
1/7/2024;GLOBAL;1;98;-0.175735158
2/7/2024;GLOBAL;1;98;0.167539388
3/7/2024;GLOBAL;1;98;0.319163256
4/7/2024;GLOBAL;1;98;-0.028911745
5/7/2024;GLOBAL;1;98;0.292158349
8/7/2024;GLOBAL;1;98;-0.122219837
9/7/2024;GLOBAL;1;98;-0.063327545
1/8/2024;GLOBAL;1;98;-0.521688281
2/8/2024;GLOBAL;1;98;-2.068569818
5/8/2024;GLOBAL;1;98;-2.283954102
6/8/2024;GLOBAL;1;98;0.701938907
7/8/2024;GLOBAL;1;98;0.239295371
8/8/2024;GLOBAL;1;98;1.085202726
9/8/2024;GLOBAL;1;98;0.241237778
2/9/2024;GLOBAL;1;98;-0.252705258
3/9/2024;GLOBAL;1;98;-0.873597449
5/9/2023;JAPON;1;98;0.320523222
6/9/2023;JAPON;1;98;0.578705529
7/9/2023;JAPON;1;98;-0.807319266
8/9/2023;JAPON;1;98;-0.916734086
2/10/2023;JAPON;1;98;-0.63501164
3/10/2023;JAPON;1;98;-0.737662284
4/10/2023;JAPON;1;98;-1.548977072
5/10/2023;JAPON;1;98;1.332829537
6/10/2023;JAPON;1;98;-0.673648017
1/11/2023;JAPON;1;98;2.109469464
2/11/2023;JAPON;1;98;1.365833654
3/11/2023;JAPON;1;98;-0.107167923
6/11/2023;JAPON;1;98;1.833039222
7/11/2023;JAPON;1;98;-1.336958901
8/11/2023;JAPON;1;98;-0.316992121
1/12/2023;JAPON;1;98;-0.536413416
4/12/2023;JAPON;1;98;0.460979797
5/12/2023;JAPON;1;98;-1.145235685
6/12/2023;JAPON;1;98;2.017106405
7/12/2023;JAPON;1;98;-0.929726961
8/12/2023;JAPON;1;98;-0.629633109
1/1/2024;JAPON;1;98;-0.005228232
2/1/2024;JAPON;1;98;0.329500403
3/1/2024;JAPON;1;98;-0.122622687
4/1/2024;JAPON;1;98;-1.215353281
5/1/2024;JAPON;1;98;-0.737871872
8/1/2024;JAPON;1;98;0.23538105
9/1/2024;JAPON;1;98;1.410814818
1/2/2024;JAPON;1;98;0.06476267
2/2/2024;JAPON;1;98;-0.311193097
5/2/2024;JAPON;1;98;0.188271772
6/2/2024;JAPON;1;98;-0.500220167
7/2/2024;JAPON;1;98;0.193970462
8/2/2024;JAPON;1;98;1.661408793
9/2/2024;JAPON;1;98;-0.172544637
1/3/2024;JAPON;1;98;1.399902138
4/3/2024;JAPON;1;98;0.349330582
5/3/2024;JAPON;1;98;-0.057690414
6/3/2024;JAPON;1;98;0.306034917
7/3/2024;JAPON;1;98;-0.487193129
8/3/2024;JAPON;1;98;-0.062651308
1/4/2024;JAPON;1;98;-1.353522309
2/4/2024;JAPON;1;98;0.050232598
3/4/2024;JAPON;1;98;-1.230605311
4/4/2024;JAPON;1;98;0.132142275
5/4/2024;JAPON;1;98;-1.525668168
8/4/2024;JAPON;1;98;0.447669311
9/4/2024;JAPON;1;98;0.735231548
1/5/2024;JAPON;1;98;-0.791846655
2/5/2024;JAPON;1;98;0.799174374
3/5/2024;JAPON;1;98;1.017914704
6/5/2024;JAPON;1;98;-0.30724995
7/5/2024;JAPON;1;98;1.00228745
8/5/2024;JAPON;1;98;-2.150338544
9/5/2024;JAPON;1;98;-0.520920214
3/6/2024;JAPON;1;98;1.184381478
4/6/2024;JAPON;1;98;0.548613537
5/6/2024;JAPON;1;98;-1.096161351
6/6/2024;JAPON;1;98;0.544763067
7/6/2024;JAPON;1;98;0.326213446
1/7/2024;JAPON;1;98;-0.454173448
2/7/2024;JAPON;1;98;1.126722588
3/7/2024;JAPON;1;98;0.818998514
4/7/2024;JAPON;1;98;0.942835881
5/7/2024;JAPON;1;98;-0.103061124
8/7/2024;JAPON;1;98;-0.38584119
9/7/2024;JAPON;1;98;2.194176081
1/8/2024;JAPON;1;98;-1.638116697
2/8/2024;JAPON;1;98;-5.576024273
5/8/2024;JAPON;1;98;-10.36296482
6/8/2024;JAPON;1;98;9.352879149
7/8/2024;JAPON;1;98;0.189857937
8/8/2024;JAPON;1;98;-0.643941176
9/8/2024;JAPON;1;98;-0.112952567
2/9/2024;JAPON;1;98;-0.575573015
3/9/2024;JAPON;1;98;0.371305751
4/9/2023;SECTORINMOBILIARIO;1;98;-0.449569551
5/9/2023;SECTORINMOBILIARIO;1;98;-0.414928074
6/9/2023;SECTORINMOBILIARIO;1;98;-0.72261739
7/9/2023;SECTORINMOBILIARIO;1;98;0.14487049
8/9/2023;SECTORINMOBILIARIO;1;98;-0.00481456
2/10/2023;SECTORINMOBILIARIO;1;98;-1.418423086
3/10/2023;SECTORINMOBILIARIO;1;98;-0.268848062
4/10/2023;SECTORINMOBILIARIO;1;98;-0.179807376
5/10/2023;SECTORINMOBILIARIO;1;98;0.889012893
6/10/2023;SECTORINMOBILIARIO;1;98;-0.004693558
1/11/2023;SECTORINMOBILIARIO;1;98;1.881051929
2/11/2023;SECTORINMOBILIARIO;1;98;1.098609326
3/11/2023;SECTORINMOBILIARIO;1;98;-0.005383483
6/11/2023;SECTORINMOBILIARIO;1;98;-0.416842667
7/11/2023;SECTORINMOBILIARIO;1;98;0.352921601
8/11/2023;SECTORINMOBILIARIO;1;98;1.121075921
1/12/2023;SECTORINMOBILIARIO;1;98;-0.005481732
4/12/2023;SECTORINMOBILIARIO;1;98;0.377817371
5/12/2023;SECTORINMOBILIARIO;1;98;0.482625943
6/12/2023;SECTORINMOBILIARIO;1;98;-0.004516848
7/12/2023;SECTORINMOBILIARIO;1;98;0.695298666
8/12/2023;SECTORINMOBILIARIO;1;98;-0.005485429
1/1/2024;SECTORINMOBILIARIO;1;98;-0.097626134
2/1/2024;SECTORINMOBILIARIO;1;98;-1.427788932
3/1/2024;SECTORINMOBILIARIO;1;98;0.379858523
4/1/2024;SECTORINMOBILIARIO;1;98;-0.503185765
5/1/2024;SECTORINMOBILIARIO;1;98;-0.00545095
8/1/2024;SECTORINMOBILIARIO;1;98;-0.570240158
9/1/2024;SECTORINMOBILIARIO;1;98;-0.448769275
1/2/2024;SECTORINMOBILIARIO;1;98;-0.216423693
2/2/2024;SECTORINMOBILIARIO;1;98;-0.005775805
5/2/2024;SECTORINMOBILIARIO;1;98;1.162945198
6/2/2024;SECTORINMOBILIARIO;1;98;-0.91234233
7/2/2024;SECTORINMOBILIARIO;1;98;0.368462051
8/2/2024;SECTORINMOBILIARIO;1;98;-0.359815881
9/2/2024;SECTORINMOBILIARIO;1;98;-0.005894321
1/3/2024;SECTORINMOBILIARIO;1;98;-0.005874114
4/3/2024;SECTORINMOBILIARIO;1;98;-0.32141185
5/3/2024;SECTORINMOBILIARIO;1;98;0.351238545
6/3/2024;SECTORINMOBILIARIO;1;98;0.049316894
7/3/2024;SECTORINMOBILIARIO;1;98;-0.209225676
8/3/2024;SECTORINMOBILIARIO;1;98;-0.005944175
1/4/2024;SECTORINMOBILIARIO;1;98;-0.866868246
2/4/2024;SECTORINMOBILIARIO;1;98;0.489746904
3/4/2024;SECTORINMOBILIARIO;1;98;0.258286515
4/4/2024;SECTORINMOBILIARIO;1;98;-0.800456503
5/4/2024;SECTORINMOBILIARIO;1;98;-0.005651912
8/4/2024;SECTORINMOBILIARIO;1;98;-0.415574571
9/4/2024;SECTORINMOBILIARIO;1;98;0.223889139
1/5/2024;SECTORINMOBILIARIO;1;98;0.237578452
2/5/2024;SECTORINMOBILIARIO;1;98;0.910736227
3/5/2024;SECTORINMOBILIARIO;1;98;-0.005674564
6/5/2024;SECTORINMOBILIARIO;1;98;0.919992737
7/5/2024;SECTORINMOBILIARIO;1;98;0.485704455
8/5/2024;SECTORINMOBILIARIO;1;98;-0.001047009
9/5/2024;SECTORINMOBILIARIO;1;98;0.659871379
3/6/2024;SECTORINMOBILIARIO;1;98;-0.789674097
4/6/2024;SECTORINMOBILIARIO;1;98;0.078897645
5/6/2024;SECTORINMOBILIARIO;1;98;0.245177064
6/6/2024;SECTORINMOBILIARIO;1;98;-0.194676341
7/6/2024;SECTORINMOBILIARIO;1;98;-0.005728756
1/7/2024;SECTORINMOBILIARIO;1;98;-0.352156701
2/7/2024;SECTORINMOBILIARIO;1;98;1.251264237
3/7/2024;SECTORINMOBILIARIO;1;98;0.503303554
4/7/2024;SECTORINMOBILIARIO;1;98;0.303357123
5/7/2024;SECTORINMOBILIARIO;1;98;-0.005740687
8/7/2024;SECTORINMOBILIARIO;1;98;-1.202016175
9/7/2024;SECTORINMOBILIARIO;1;98;0.990340351
1/8/2024;SECTORINMOBILIARIO;1;98;-2.31751158
2/8/2024;SECTORINMOBILIARIO;1;98;-0.005809499
5/8/2024;SECTORINMOBILIARIO;1;98;0.020407579
6/8/2024;SECTORINMOBILIARIO;1;98;1.549491812
7/8/2024;SECTORINMOBILIARIO;1;98;-0.412991113
8/8/2024;SECTORINMOBILIARIO;1;98;0.517242644
9/8/2024;SECTORINMOBILIARIO;1;98;-0.005557332
2/9/2024;SECTORINMOBILIARIO;1;98;-1.23577053
4/9/2023;SANIDAD;1;98;-0.449569551
5/9/2023;SANIDAD;1;98;-0.414928074
6/9/2023;SANIDAD;1;98;-0.72261739
7/9/2023;SANIDAD;1;98;0.14487049
8/9/2023;SANIDAD;1;98;-0.00481456
2/10/2023;SANIDAD;1;98;-1.418423086
3/10/2023;SANIDAD;1;98;-0.268848062
4/10/2023;SANIDAD;1;98;-0.179807376
5/10/2023;SANIDAD;1;98;0.889012893
6/10/2023;SANIDAD;1;98;-0.004693558
1/11/2023;SANIDAD;1;98;1.881051929
2/11/2023;SANIDAD;1;98;1.098609326
3/11/2023;SANIDAD;1;98;-0.005383483
6/11/2023;SANIDAD;1;98;-0.416842667
7/11/2023;SANIDAD;1;98;0.352921601
8/11/2023;SANIDAD;1;98;1.121075921
1/12/2023;SANIDAD;1;98;-0.005481732
4/12/2023;SANIDAD;1;98;0.377817371
5/12/2023;SANIDAD;1;98;0.482625943
6/12/2023;SANIDAD;1;98;-0.004516848
7/12/2023;SANIDAD;1;98;0.695298666
8/12/2023;SANIDAD;1;98;-0.005485429
1/1/2024;SANIDAD;1;98;-0.097626134
2/1/2024;SANIDAD;1;98;-1.427788932
3/1/2024;SANIDAD;1;98;0.379858523
4/1/2024;SANIDAD;1;98;-0.503185765
5/1/2024;SANIDAD;1;98;-0.00545095
8/1/2024;SANIDAD;1;98;-0.570240158
9/1/2024;SANIDAD;1;98;-0.448769275
1/2/2024;SANIDAD;1;98;-0.216423693
2/2/2024;SANIDAD;1;98;-0.005775805
5/2/2024;SANIDAD;1;98;1.162945198
6/2/2024;SANIDAD;1;98;-0.91234233
7/2/2024;SANIDAD;1;98;0.368462051
8/2/2024;SANIDAD;1;98;-0.359815881
9/2/2024;SANIDAD;1;98;-0.005894321
1/3/2024;SANIDAD;1;98;-0.005874114
4/3/2024;SANIDAD;1;98;-0.32141185
5/3/2024;SANIDAD;1;98;0.351238545
6/3/2024;SANIDAD;1;98;0.049316894
7/3/2024;SANIDAD;1;98;-0.209225676
8/3/2024;SANIDAD;1;98;-0.005944175
1/4/2024;SANIDAD;1;98;-0.866868246
2/4/2024;SANIDAD;1;98;0.489746904
3/4/2024;SANIDAD;1;98;0.258286515
4/4/2024;SANIDAD;1;98;-0.800456503
5/4/2024;SANIDAD;1;98;-0.005651912
8/4/2024;SANIDAD;1;98;-0.415574571
9/4/2024;SANIDAD;1;98;0.223889139
1/5/2024;SANIDAD;1;98;0.237578452
2/5/2024;SANIDAD;1;98;0.910736227
3/5/2024;SANIDAD;1;98;-0.005674564
6/5/2024;SANIDAD;1;98;0.919992737
7/5/2024;SANIDAD;1;98;0.485704455
8/5/2024;SANIDAD;1;98;-0.001047009
9/5/2024;SANIDAD;1;98;0.659871379
3/6/2024;SANIDAD;1;98;-0.789674097
4/6/2024;SANIDAD;1;98;0.078897645
5/6/2024;SANIDAD;1;98;0.245177064
6/6/2024;SANIDAD;1;98;-0.194676341
7/6/2024;SANIDAD;1;98;-0.005728756
1/7/2024;SANIDAD;1;98;-0.352156701
2/7/2024;SANIDAD;1;98;1.251264237
3/7/2024;SANIDAD;1;98;0.503303554
4/7/2024;SANIDAD;1;98;0.303357123
5/7/2024;SANIDAD;1;98;-0.005740687
8/7/2024;SANIDAD;1;98;-1.202016175
9/7/2024;SANIDAD;1;98;0.990340351
1/8/2024;SANIDAD;1;98;-2.31751158
2/8/2024;SANIDAD;1;98;-0.005809499
5/8/2024;SANIDAD;1;98;0.020407579
6/8/2024;SANIDAD;1;98;1.549491812
7/8/2024;SANIDAD;1;98;-0.412991113
8/8/2024;SANIDAD;1;98;0.517242644
9/8/2024;SANIDAD;1;98;-0.005557332
2/9/2024;SANIDAD;1;98;-1.23577053
5/9/2023;SMALLCAPS;1;94;-0.449569551
6/9/2023;SMALLCAPS;1;94;-0.414928074
7/9/2023;SMALLCAPS;1;94;-0.72261739
8/9/2023;SMALLCAPS;1;94;0.14487049
2/10/2023;SMALLCAPS;1;94;-1.003835948
3/10/2023;SMALLCAPS;1;94;-1.418423086
4/10/2023;SMALLCAPS;1;94;-0.268848062
5/10/2023;SMALLCAPS;1;94;-0.179807376
6/10/2023;SMALLCAPS;1;94;0.889012893
1/11/2023;SMALLCAPS;1;94;0.224645927
2/11/2023;SMALLCAPS;1;94;1.881051929
3/11/2023;SMALLCAPS;1;94;1.098609326
6/11/2023;SMALLCAPS;1;94;-0.802871316
7/11/2023;SMALLCAPS;1;94;-0.416842667
8/11/2023;SMALLCAPS;1;94;0.352921601
1/12/2023;SMALLCAPS;1;94;0.878184928
4/12/2023;SMALLCAPS;1;94;-0.856209528
5/12/2023;SMALLCAPS;1;94;0.377817371
6/12/2023;SMALLCAPS;1;94;0.482625943
7/12/2023;SMALLCAPS;1;94;-0.004516848
8/12/2023;SMALLCAPS;1;94;0.695298666
1/1/2024;SMALLCAPS;1;94;-0.005274909
2/1/2024;SMALLCAPS;1;94;-0.097626134
3/1/2024;SMALLCAPS;1;94;-1.427788932
4/1/2024;SMALLCAPS;1;94;0.379858523
5/1/2024;SMALLCAPS;1;94;-0.503185765
8/1/2024;SMALLCAPS;1;94;0.407363844
9/1/2024;SMALLCAPS;1;94;-0.570240158
1/2/2024;SMALLCAPS;1;94;-0.603315542
2/2/2024;SMALLCAPS;1;94;-0.216423693
5/2/2024;SMALLCAPS;1;94;-0.207320081
6/2/2024;SMALLCAPS;1;94;1.162945198
7/2/2024;SMALLCAPS;1;94;-0.91234233
8/2/2024;SMALLCAPS;1;94;0.368462051
9/2/2024;SMALLCAPS;1;94;-0.359815881
1/3/2024;SMALLCAPS;1;94;0.812756756
4/3/2024;SMALLCAPS;1;94;-0.365640826
5/3/2024;SMALLCAPS;1;94;-0.32141185
6/3/2024;SMALLCAPS;1;94;0.351238545
7/3/2024;SMALLCAPS;1;94;0.049316894
8/3/2024;SMALLCAPS;1;94;-0.209225676
1/4/2024;SMALLCAPS;1;94;-0.056304804
2/4/2024;SMALLCAPS;1;94;-0.866868246
3/4/2024;SMALLCAPS;1;94;0.489746904
4/4/2024;SMALLCAPS;1;94;0.258286515
5/4/2024;SMALLCAPS;1;94;-0.800456503
8/4/2024;SMALLCAPS;1;94;1.022200744
9/4/2024;SMALLCAPS;1;94;-0.415574571
1/5/2024;SMALLCAPS;1;94;-0.13490226
2/5/2024;SMALLCAPS;1;94;0.237578452
3/5/2024;SMALLCAPS;1;94;0.910736227
6/5/2024;SMALLCAPS;1;94;0.535642838
7/5/2024;SMALLCAPS;1;94;0.919992737
8/5/2024;SMALLCAPS;1;94;0.485704455
9/5/2024;SMALLCAPS;1;94;-0.001047009
3/6/2024;SMALLCAPS;1;94;0.588302596
4/6/2024;SMALLCAPS;1;94;-0.789674097
5/6/2024;SMALLCAPS;1;94;0.078897645
6/6/2024;SMALLCAPS;1;94;0.245177064
7/6/2024;SMALLCAPS;1;94;-0.194676341
1/7/2024;SMALLCAPS;1;94;0.19284909
2/7/2024;SMALLCAPS;1;94;-0.352156701
3/7/2024;SMALLCAPS;1;94;1.251264237
4/7/2024;SMALLCAPS;1;94;0.503303554
5/7/2024;SMALLCAPS;1;94;0.303357123
8/7/2024;SMALLCAPS;1;94;-0.247570428
9/7/2024;SMALLCAPS;1;94;-1.202016175
1/8/2024;SMALLCAPS;1;94;-1.211573534
2/8/2024;SMALLCAPS;1;94;-2.31751158
5/8/2024;SMALLCAPS;1;94;-2.353914193
6/8/2024;SMALLCAPS;1;94;0.020407579
7/8/2024;SMALLCAPS;1;94;1.549491812
8/8/2024;SMALLCAPS;1;94;-0.412991113
9/8/2024;SMALLCAPS;1;94;0.517242644
2/9/2024;SMALLCAPS;1;94;-0.22585632
3/9/2024;SMALLCAPS;1;94;-1.23577053
6/9/2023;NEWENERGY;1;98;-0.6170407
7/9/2023;NEWENERGY;1;98;-0.464590969
8/9/2023;NEWENERGY;1;98;0.173573834
2/10/2023;NEWENERGY;1;98;-2.002188686
3/10/2023;NEWENERGY;1;98;-2.096718449
4/10/2023;NEWENERGY;1;98;-0.408221881
5/10/2023;NEWENERGY;1;98;-0.155439985
6/10/2023;NEWENERGY;1;98;0.22101773
1/11/2023;NEWENERGY;1;98;-0.572660376
2/11/2023;NEWENERGY;1;98;2.673341203
3/11/2023;NEWENERGY;1;98;1.349505698
6/11/2023;NEWENERGY;1;98;-0.249054605
7/11/2023;NEWENERGY;1;98;-1.219196863
8/11/2023;NEWENERGY;1;98;-1.079708102
1/12/2023;NEWENERGY;1;98;0.920963301
4/12/2023;NEWENERGY;1;98;-0.138473989
5/12/2023;NEWENERGY;1;98;0.425773341
6/12/2023;NEWENERGY;1;98;0.717211173
7/12/2023;NEWENERGY;1;98;-0.268224233
8/12/2023;NEWENERGY;1;98;0.838520513
1/1/2024;NEWENERGY;1;98;-0.005876049
2/1/2024;NEWENERGY;1;98;-0.614353117
3/1/2024;NEWENERGY;1;98;-1.988941321
4/1/2024;NEWENERGY;1;98;0.070826286
5/1/2024;NEWENERGY;1;98;-0.120826347
8/1/2024;NEWENERGY;1;98;0.09409372
9/1/2024;NEWENERGY;1;98;-0.186264445
1/2/2024;NEWENERGY;1;98;0.26284449
2/2/2024;NEWENERGY;1;98;-0.416277693
5/2/2024;NEWENERGY;1;98;-0.762505123
6/2/2024;NEWENERGY;1;98;0.468635322
7/2/2024;NEWENERGY;1;98;0.44616382
8/2/2024;NEWENERGY;1;98;-0.539363906
9/2/2024;NEWENERGY;1;98;0.50494453
1/3/2024;NEWENERGY;1;98;0.674401303
4/3/2024;NEWENERGY;1;98;-0.38665553
5/3/2024;NEWENERGY;1;98;-0.032042538
6/3/2024;NEWENERGY;1;98;0.573886484
7/3/2024;NEWENERGY;1;98;1.371629957
8/3/2024;NEWENERGY;1;98;-0.237473926
1/4/2024;NEWENERGY;1;98;-0.154184834
2/4/2024;NEWENERGY;1;98;-1.196504405
3/4/2024;NEWENERGY;1;98;0.088117498
4/4/2024;NEWENERGY;1;98;0.563914205
5/4/2024;NEWENERGY;1;98;-0.458169364
8/4/2024;NEWENERGY;1;98;0.70618998
9/4/2024;NEWENERGY;1;98;0.591885563
1/5/2024;NEWENERGY;1;98;-0.064284726
2/5/2024;NEWENERGY;1;98;0.583553793
3/5/2024;NEWENERGY;1;98;1.1246032
6/5/2024;NEWENERGY;1;98;0.796034218
7/5/2024;NEWENERGY;1;98;1.371129575
8/5/2024;NEWENERGY;1;98;-0.047027044
9/5/2024;NEWENERGY;1;98;0.753249063
3/6/2024;NEWENERGY;1;98;-0.19515471
4/6/2024;NEWENERGY;1;98;-0.396961981
5/6/2024;NEWENERGY;1;98;0.676181809
6/6/2024;NEWENERGY;1;98;-0.363213405
7/6/2024;NEWENERGY;1;98;-0.510547743
1/7/2024;NEWENERGY;1;98;-0.210610626
2/7/2024;NEWENERGY;1;98;-0.108402073
3/7/2024;NEWENERGY;1;98;1.142613374
4/7/2024;NEWENERGY;1;98;0.235964192
5/7/2024;NEWENERGY;1;98;-0.018723193
8/7/2024;NEWENERGY;1;98;-0.266922344
9/7/2024;NEWENERGY;1;98;-0.481732624
1/8/2024;NEWENERGY;1;98;-0.551055882
2/8/2024;NEWENERGY;1;98;-2.081558809
5/8/2024;NEWENERGY;1;98;-3.194598859
6/8/2024;NEWENERGY;1;98;0.796685206
7/8/2024;NEWENERGY;1;98;0.903280974
8/8/2024;NEWENERGY;1;98;0.228756508
9/8/2024;NEWENERGY;1;98;-0.333173804
2/9/2024;NEWENERGY;1;98;0.030668545
3/9/2024;NEWENERGY;1;98;-1.429192326
5/9/2023;MEGATRENDS;38;98.76;-0.658705026
6/9/2023;MEGATRENDS;38;98.76;-0.658705026
7/9/2023;MEGATRENDS;38;98.76;-0.550858535
8/9/2023;MEGATRENDS;38;98.76;-0.295288334
2/10/2023;MEGATRENDS;38;98.76;-0.11077282
3/10/2023;MEGATRENDS;38;98.76;-1.626304952
4/10/2023;MEGATRENDS;38;98.76;0.012585168
5/10/2023;MEGATRENDS;38;98.76;-0.308759319
6/10/2023;MEGATRENDS;38;98.76;0.645777995
1/11/2023;MEGATRENDS;38;98.76;-0.021579878
2/11/2023;MEGATRENDS;38;98.76;1.526634511
3/11/2023;MEGATRENDS;38;98.76;1.14783086
6/11/2023;MEGATRENDS;38;98.76;-0.157006601
7/11/2023;MEGATRENDS;38;98.76;0.559002551
8/11/2023;MEGATRENDS;38;98.76;-0.102989437
1/12/2023;MEGATRENDS;38;98.76;0.989538007
4/12/2023;MEGATRENDS;38;98.76;0.023905503
5/12/2023;MEGATRENDS;38;98.76;-0.040328766
6/12/2023;MEGATRENDS;38;98.76;-0.292013103
7/12/2023;MEGATRENDS;38;98.76;0.251869714
8/12/2023;MEGATRENDS;38;98.76;0.55021
1/1/2024;MEGATRENDS;38;98.76;-0.005766514
2/1/2024;MEGATRENDS;38;98.76;-0.12478661
3/1/2024;MEGATRENDS;38;98.76;-1.37708364
4/1/2024;MEGATRENDS;38;98.76;0.223507539
5/1/2024;MEGATRENDS;38;98.76;-0.039841403
8/1/2024;MEGATRENDS;38;98.76;1.321993626
9/1/2024;MEGATRENDS;38;98.76;0.702164718
1/2/2024;MEGATRENDS;38;98.76;0.536320378
2/2/2024;MEGATRENDS;38;98.76;0.433450686
5/2/2024;MEGATRENDS;38;98.76;0.367193048
6/2/2024;MEGATRENDS;38;98.76;0.956743741
7/2/2024;MEGATRENDS;38;98.76;0.64151902
8/2/2024;MEGATRENDS;38;98.76;-0.171629413
9/2/2024;MEGATRENDS;38;98.76;1.015560578
1/3/2024;MEGATRENDS;38;98.76;0.995862428
4/3/2024;MEGATRENDS;38;98.76;0.222318013
5/3/2024;MEGATRENDS;38;98.76;-1.023672067
6/3/2024;MEGATRENDS;38;98.76;0.643836116
7/3/2024;MEGATRENDS;38;98.76;1.249846376
8/3/2024;MEGATRENDS;38;98.76;-0.518348872
1/4/2024;MEGATRENDS;38;98.76;0.19514823
2/4/2024;MEGATRENDS;38;98.76;-1.232412221
3/4/2024;MEGATRENDS;38;98.76;-0.089176438
4/4/2024;MEGATRENDS;38;98.76;-0.929244759
5/4/2024;MEGATRENDS;38;98.76;0.505719349
8/4/2024;MEGATRENDS;38;98.76;0.30244628
9/4/2024;MEGATRENDS;38;98.76;0.09877512
1/5/2024;MEGATRENDS;38;98.76;-0.529011206
2/5/2024;MEGATRENDS;38;98.76;0.771424301
3/5/2024;MEGATRENDS;38;98.76;0.513846932
6/5/2024;MEGATRENDS;38;98.76;0.877833659
7/5/2024;MEGATRENDS;38;98.76;0.753122927
8/5/2024;MEGATRENDS;38;98.76;0.075717406
9/5/2024;MEGATRENDS;38;98.76;0.345540933
3/6/2024;MEGATRENDS;38;98.76;0.186828041
4/6/2024;MEGATRENDS;38;98.76;-0.008230185
5/6/2024;MEGATRENDS;38;98.76;1.607507884
6/6/2024;MEGATRENDS;38;98.76;0.316574265
7/6/2024;MEGATRENDS;38;98.76;0.237950563
1/7/2024;MEGATRENDS;38;98.76;-0.244344937
2/7/2024;MEGATRENDS;38;98.76;0.151879466
3/7/2024;MEGATRENDS;38;98.76;0.522061899
4/7/2024;MEGATRENDS;38;98.76;0.029499329
5/7/2024;MEGATRENDS;38;98.76;0.071508012
8/7/2024;MEGATRENDS;38;98.76;0.206742484
9/7/2024;MEGATRENDS;38;98.76;-0.51283066
1/8/2024;MEGATRENDS;38;98.76;-1.074705011
2/8/2024;MEGATRENDS;38;98.76;-2.563531133
5/8/2024;MEGATRENDS;38;98.76;-2.557881108
6/8/2024;MEGATRENDS;38;98.76;1.055424987
7/8/2024;MEGATRENDS;38;98.76;-0.255012355
8/8/2024;MEGATRENDS;38;98.76;1.897507049
9/8/2024;MEGATRENDS;38;98.76;0.373291649
2/9/2024;MEGATRENDS;38;98.76;-0.157474113
3/9/2024;MEGATRENDS;38;98.76;-1.86185297
6/9/2023;TECNOLOGICO;38;98.76;-0.82912615
7/9/2023;TECNOLOGICO;38;98.76;-0.703801426
8/9/2023;TECNOLOGICO;38;98.76;0.129773491
2/10/2023;TECNOLOGICO;38;98.76;1.672482204
3/10/2023;TECNOLOGICO;38;98.76;-1.554117414
4/10/2023;TECNOLOGICO;38;98.76;0.651813636
5/10/2023;TECNOLOGICO;38;98.76;-0.499927704
6/10/2023;TECNOLOGICO;38;98.76;1.629277366
1/11/2023;TECNOLOGICO;38;98.76;1.62400865
2/11/2023;TECNOLOGICO;38;98.76;1.216757624
3/11/2023;TECNOLOGICO;38;98.76;0.459023541
6/11/2023;TECNOLOGICO;38;98.76;0.316088139
7/11/2023;TECNOLOGICO;38;98.76;1.228633808
8/11/2023;TECNOLOGICO;38;98.76;0.475977586
1/12/2023;TECNOLOGICO;38;98.76;0.261076229
4/12/2023;TECNOLOGICO;38;98.76;-0.759741454
5/12/2023;TECNOLOGICO;38;98.76;0.561163962
6/12/2023;TECNOLOGICO;38;98.76;-0.36928048
7/12/2023;TECNOLOGICO;38;98.76;1.103608718
8/12/2023;TECNOLOGICO;38;98.76;0.705288132
1/1/2024;TECNOLOGICO;38;98.76;-0.005278936
2/1/2024;TECNOLOGICO;38;98.76;-0.967894881
3/1/2024;TECNOLOGICO;38;98.76;-0.706694053
4/1/2024;TECNOLOGICO;38;98.76;-0.601876049
5/1/2024;TECNOLOGICO;38;98.76;0.198756177
8/1/2024;TECNOLOGICO;38;98.76;2.191460957
9/1/2024;TECNOLOGICO;38;98.76;0.503402531
1/2/2024;TECNOLOGICO;38;98.76;0.800943673
2/2/2024;TECNOLOGICO;38;98.76;2.640925152
5/2/2024;TECNOLOGICO;38;98.76;0.473006108
6/2/2024;TECNOLOGICO;38;98.76;-0.180831503
7/2/2024;TECNOLOGICO;38;98.76;1.213583675
8/2/2024;TECNOLOGICO;38;98.76;0.361442618
9/2/2024;TECNOLOGICO;38;98.76;1.250323012
1/3/2024;TECNOLOGICO;38;98.76;1.047117734
4/3/2024;TECNOLOGICO;38;98.76;-0.238746185
5/3/2024;TECNOLOGICO;38;98.76;-1.784352321
6/3/2024;TECNOLOGICO;38;98.76;0.332108224
7/3/2024;TECNOLOGICO;38;98.76;1.140936588
8/3/2024;TECNOLOGICO;38;98.76;-1.040020893
1/4/2024;TECNOLOGICO;38;98.76;0.827652132
2/4/2024;TECNOLOGICO;38;98.76;-0.819707306
3/4/2024;TECNOLOGICO;38;98.76;-0.069586272
4/4/2024;TECNOLOGICO;38;98.76;-1.365153216
5/4/2024;TECNOLOGICO;38;98.76;1.21107616
8/4/2024;TECNOLOGICO;38;98.76;-0.277661718
9/4/2024;TECNOLOGICO;38;98.76;0.117440387
1/5/2024;TECNOLOGICO;38;98.76;-0.60732353
2/5/2024;TECNOLOGICO;38;98.76;1.283025358
3/5/2024;TECNOLOGICO;38;98.76;1.618424724
6/5/2024;TECNOLOGICO;38;98.76;1.318627927
7/5/2024;TECNOLOGICO;38;98.76;0.234344552
8/5/2024;TECNOLOGICO;38;98.76;0.158257496
9/5/2024;TECNOLOGICO;38;98.76;-0.23430172
3/6/2024;TECNOLOGICO;38;98.76;0.207437422
4/6/2024;TECNOLOGICO;38;98.76;0.342836207
5/6/2024;TECNOLOGICO;38;98.76;2.564731427
6/6/2024;TECNOLOGICO;38;98.76;-0.065831289
7/6/2024;TECNOLOGICO;38;98.76;0.59073669
1/7/2024;TECNOLOGICO;38;98.76;0.444486851
2/7/2024;TECNOLOGICO;38;98.76;0.473853145
3/7/2024;TECNOLOGICO;38;98.76;0.606764046
4/7/2024;TECNOLOGICO;38;98.76;-0.202866107
5/7/2024;TECNOLOGICO;38;98.76;0.689869739
8/7/2024;TECNOLOGICO;38;98.76;0.092190775
9/7/2024;TECNOLOGICO;38;98.76;-0.382587648
1/8/2024;TECNOLOGICO;38;98.76;-1.684476684
2/8/2024;TECNOLOGICO;38;98.76;-3.475525405
5/8/2024;TECNOLOGICO;38;98.76;-3.415844674
6/8/2024;TECNOLOGICO;38;98.76;1.314409247
7/8/2024;TECNOLOGICO;38;98.76;-0.583723662
8/8/2024;TECNOLOGICO;38;98.76;2.633921664
9/8/2024;TECNOLOGICO;38;98.76;0.678145894
2/9/2024;TECNOLOGICO;38;98.76;-0.165354211
3/9/2024;TECNOLOGICO;38;NA;-2.91811855
5/9/2024;ALPHA;1;4.73;-0.0691
5/9/2024;BESTIDEAS;25;100.0001;-0.6647
5/9/2024;BOLSAESPANA;32;93.68;-0.8912
5/9/2024;BOLSAEUROPA;58;90.14;-0.7294
5/9/2024;BOLSAINTERNACIONAL;75;91.53;-1.4854
5/9/2024;BOLSAUSA;77;96.04;-1.702
5/9/2024;DIVIDENDO;43;91.88;-0.7971
5/9/2024;FINANCIERO;35;90.96;-1.3247
5/9/2024;GLOBAL;49;95.18;-1.1582
5/9/2024;JAPON;46;93.77;-0.7208
5/9/2024;MEGATRENDS;38;98.76;-1.6725
5/9/2024;NEWENERGY;38;96.39;-1.3667
5/9/2024;SANIDAD;51;102.47;-0.4116
5/9/2024;SECTORINMOBILIARIO;47;94.58;-0.2042
5/9/2024;SMALLCAPS;68;97.02;-1.6023
5/9/2024;TECNOLOGICO;38;94.93;-2.3217
5/9/2024;ZVIX;1;10;1.2462
5/9/2024;ZVSTOXX;3;30;2.1529
5/9/2024;ZVXN;1;10;0.8921
9/9/2024;BOLSAESPANA;6;52.72;0.422
9/9/2024;FINANCIERO;8;7.5;0.1188
10/9/2024;ALPHA;1;4.73;-0.067924282
10/9/2024;BESTIDEAS;25;100;-0.219903955
10/9/2024;BOLSAESPANA;32;94.44;-0.510548063
10/9/2024;BOLSAEUROPA;58;88.37;-0.636318557
10/9/2024;BOLSAINTERNACIONAL;75;92.06;0.043270703
10/9/2024;BOLSAUSA;77;95.23;0.456266205
10/9/2024;DIVIDENDO;43;92.46;0.167115088
10/9/2024;FINANCIERO;35;91.09;-1.071646799
10/9/2024;GLOBAL;49;95.47;-0.003000748
10/9/2024;JAPON;46;93.84;-0.328065791
10/9/2024;MEGATRENDS;38;98.86;0.660084545
10/9/2024;NEWENERGY;38;96.4;-0.254675753
10/9/2024;SANIDAD;51;103.65;0.188908096
10/9/2024;SECTORINMOBILIARIO;48;96.35;0.80742978
10/9/2024;SMALLCAPS;68;97.45;-0.352588616
10/9/2024;TECNOLOGICO;38;94.6;0.944119459
10/9/2024;ZVIX;1;10;-0.190231362
10/9/2024;ZVSTOXX;3;30;-0.200582453
10/9/2024;ZVXN;1;10;-0.12541806
2024-09-11;ALPHA;1;4.73;0.0401;
2024-09-11;BESTIDEAS;25;100.00009999999997;0.3868;
2024-09-11;BOLSAESPANA;32;94.44;0.34429999999999994;
2024-09-11;BOLSAEUROPA;58;88.36999999999996;0.19800000000000004;
2024-09-11;BOLSAINTERNACIONAL;75;92.06000000000004;0.24710000000000001;
2024-09-11;BOLSAUSA;77;95.23000000000005;0.28970000000000024;
2024-09-11;DIVIDENDO;43;92.46000000000002;-0.2617;
2024-09-11;FINANCIERO;35;91.09;-0.2487999999999999;
2024-09-11;GLOBAL;49;95.46999999999997;0.19230000000000008;
2024-09-11;JAPON;46;93.83999999999999;-1.3664999999999998;
2024-09-11;MEGATRENDS;38;98.86000000000006;1.3439000000000003;
2024-09-11;NEWENERGY;38;96.39999999999998;0.9932000000000001;
2024-09-11;SANIDAD;51;103.64999999999999;0.09910000000000017;
2024-09-11;SECTORINMOBILIARIO;48;96.35000000000001;-0.28180000000000016;
2024-09-11;SMALLCAPS;68;97.45000000000003;-0.3069999999999999;
2024-09-11;TECNOLOGICO;38;94.6;0.9682;
2024-09-11;ZVIX;1;10.0;-0.2987;
2024-09-11;ZVSTOXX;3;30.0;-0.6839999999999999;
2024-09-11;ZVXN;1;10.0;-0.3218;
